"","ID","Description","GeneRatio","BgRatio","pvalue","p.adjust","qvalue","geneID","Count"
"GO:0031406","GO:0031406","carboxylic acid binding","7/62","148/11539",1.35042503087412e-05,0.0016005553695904,0.00150987104177639,"CRABP1/GLRA1/ACAN/RTN4R/HAPLN2/ST8SIA3/P4HA3",7
"GO:0043177","GO:0043177","organic acid binding","7/62","154/11539",1.7492408410824e-05,0.0016005553695904,0.00150987104177639,"CRABP1/GLRA1/ACAN/RTN4R/HAPLN2/ST8SIA3/P4HA3",7
"GO:0005539","GO:0005539","glycosaminoglycan binding","6/62","165/11539",0.000247515143440966,0.015098423749899,0.0142429766751995,"ACAN/RTN4R/HAPLN2/ANOS1/ADAMTS1/AZU1",6
