"","ID","Description","GeneRatio","BgRatio","pvalue","p.adjust","qvalue","geneID","Count"
"GO:0031406","GO:0031406","carboxylic acid binding","7/63","146/11532",1.38081828861523e-05,0.00172296789898886,0.00161651450477216,"CRABP1/GLRA1/ACAN/RTN4R/HAPLN2/ST8SIA3/P4HA3",7
"GO:0043177","GO:0043177","organic acid binding","7/63","153/11532",1.87279119455311e-05,0.00172296789898886,0.00161651450477216,"CRABP1/GLRA1/ACAN/RTN4R/HAPLN2/ST8SIA3/P4HA3",7
"GO:0005539","GO:0005539","glycosaminoglycan binding","6/63","162/11532",0.00024565146232585,0.0150666230226521,0.0141357332706805,"ACAN/RTN4R/HAPLN2/ANOS1/ADAMTS1/AZU1",6
