"","ID","Description","GeneRatio","BgRatio","pvalue","p.adjust","qvalue","geneID","Count"
"GO:0048483","GO:0048483","autonomic nervous system development","5/63","37/11564",1.55630238825255e-06,0.00254299810240466,0.0023213478780567,"SOX8/PLXNA4/SOX10/TFAP2A/TFAP2B",5
"GO:0030198","GO:0030198","extracellular matrix organization","9/63","284/11564",2.11908763868915e-05,0.0173129460080904,0.015803932547487,"ITGB3/MATN4/NOXO1/COL9A3/CSGALNACT1/COL9A1/CD44/TNC/MATN1",9
"GO:0022010","GO:0022010","central nervous system myelination","3/63","16/11564",8.20437166279191e-05,0.0230636190048312,0.0210533712103626,"PLP1/CNTN2/SOX10",3
"GO:0010721","GO:0010721","negative regulation of cell development","8/63","269/11564",9.880375338667e-05,0.0230636190048312,0.0210533712103626,"CNTN2/DRAXIN/SOX8/GAL/RTN4R/CAV3/SOX10/PRAG1",8
"GO:0060349","GO:0060349","bone morphogenesis","5/63","98/11564",0.000187927621912081,0.034695599330033,0.0316714966505551,"MATN4/DLX5/CSGALNACT1/TFAP2A/MATN1",5
"GO:0021953","GO:0021953","central nervous system neuron differentiation","6/63","168/11564",0.000294527227476428,0.0413986810520737,0.0377903311542797,"CNTN2/DRAXIN/LMO4/PLXNA4/DLX5/PAX7",6
