"","ID","Description","GeneRatio","BgRatio","pvalue","p.adjust","qvalue","geneID","Count"
"GO:0001228","GO:0001228","DNA-binding transcription activator activity, RNA polymerase II-specific","5/16","347/11539",7.93906853779383e-05,0.00352942148995862,0.00200048181617088,"SOX8/DLX5/SOX10/TFAP2A/TFAP2B",5
"GO:0000978","GO:0000978","RNA polymerase II proximal promoter sequence-specific DNA binding","5/16","429/11539",0.000215749818791356,0.00352942148995862,0.00200048181617088,"DLX5/SOX10/TFAP2A/TFAP2B/RXRG",5
"GO:0000987","GO:0000987","proximal promoter sequence-specific DNA binding","5/16","441/11539",0.000245414170614719,0.00352942148995862,0.00200048181617088,"DLX5/SOX10/TFAP2A/TFAP2B/RXRG",5
"GO:0001158","GO:0001158","enhancer sequence-specific DNA binding","3/16","94/11539",0.000271493960766047,0.00352942148995862,0.00200048181617088,"LMO4/SOX10/TFAP2B",3
"GO:0003713","GO:0003713","transcription coactivator activity","3/16","262/11539",0.00520555034949867,0.0451147696956551,0.0255711245238531,"SOX10/TFAP2A/TFAP2B",3
