"","ID","Description","GeneRatio","BgRatio","pvalue","p.adjust","qvalue","geneID","Count"
"GO:0001228","GO:0001228","DNA-binding transcription activator activity, RNA polymerase II-specific","5/16","346/11532",7.85348946751463e-05,0.0037180425842729,0.00214147437823067,"SOX8/DLX5/SOX10/TFAP2A/TFAP2B",5
"GO:0000978","GO:0000978","RNA polymerase II proximal promoter sequence-specific DNA binding","5/16","427/11532",0.000211684291054538,0.0037180425842729,0.00214147437823067,"DLX5/SOX10/TFAP2A/TFAP2B/RXRG",5
"GO:0000987","GO:0000987","proximal promoter sequence-specific DNA binding","5/16","439/11532",0.000240943346256266,0.0037180425842729,0.00214147437823067,"DLX5/SOX10/TFAP2A/TFAP2B/RXRG",5
"GO:0001158","GO:0001158","enhancer sequence-specific DNA binding","3/16","95/11532",0.000280606987492295,0.0037180425842729,0.00214147437823067,"LMO4/SOX10/TFAP2B",3
"GO:0003713","GO:0003713","transcription coactivator activity","3/16","263/11532",0.0052700338863303,0.0465519659959176,0.026812453105891,"SOX10/TFAP2A/TFAP2B",3
